category	term	number_of_genes	number_of_genes_in_background	ncbiTaxonId	inputGenes	preferredNames	p_value	fdr	description
COMPARTMENTS	GOCC:0005615	7	1027	9606	REN,ACE,ALB,AGT,MMEL1,ACE2,KNG1	REN,ACE,ALB,AGT,MMEL1,ACE2,KNG1	2.94e-07	0.00068	Extracellular space
COMPARTMENTS	GOCC:0071944	10	3860	9606	REN,ACE,ALB,AGT,AGTR2,MMEL1,ACE2,AGTR1,BDKRB2,KNG1	REN,ACE,ALB,AGT,AGTR2,MMEL1,ACE2,AGTR1,BDKRB2,KNG1	7.63e-07	0.00088	Cell periphery
COMPARTMENTS	GOCC:0070062	5	428	9606	ACE,ALB,AGT,ACE2,KNG1	ACE,ALB,AGT,ACE2,KNG1	2.07e-06	0.0016	Extracellular exosome
COMPARTMENTS	GOCC:0065010	5	473	9606	ACE,ALB,AGT,ACE2,KNG1	ACE,ALB,AGT,ACE2,KNG1	3.36e-06	0.0019	Extracellular membrane-bounded organelle
COMPARTMENTS	GOCC:0005886	9	3535	9606	REN,ACE,AGT,AGTR2,MMEL1,ACE2,AGTR1,BDKRB2,KNG1	REN,ACE,AGT,AGTR2,MMEL1,ACE2,AGTR1,BDKRB2,KNG1	7.54e-06	0.0025	Plasma membrane
COMPARTMENTS	GOCC:0016020	10	5715	9606	REN,ACE,NR3C2,AGT,AGTR2,MMEL1,ACE2,AGTR1,BDKRB2,KNG1	REN,ACE,NR3C2,AGT,AGTR2,MMEL1,ACE2,AGTR1,BDKRB2,KNG1	3.44e-05	0.0095	Membrane
COMPARTMENTS	GOCC:0072562	3	118	9606	ALB,AGT,KNG1	ALB,AGT,KNG1	3.59e-05	0.0095	Blood microparticle
COMPARTMENTS	GOCC:0005833	2	24	9606	ACE,ALB	ACE,ALB	9.14e-05	0.0191	Hemoglobin complex
COMPARTMENTS	GOCC:0005788	3	172	9606	ALB,ACE2,KNG1	ALB,ACE2,KNG1	0.00011	0.0207	Endoplasmic reticulum lumen
Process	GO:0002016	6	9	9606	REN,ACE,AGT,AGTR2,ACE2,AGTR1	REN,ACE,AGT,AGTR2,ACE2,AGTR1	2.84e-17	4.45e-13	Regulation of blood volume by renin-angiotensin
Process	GO:0097746	7	140	9606	ACE,AGT,AGTR2,ACE2,AGTR1,BDKRB2,KNG1	ACE,AGT,AGTR2,ACE2,AGTR1,BDKRB2,KNG1	3.58e-13	9.35e-10	Blood vessel diameter maintenance
Process	GO:0008015	8	403	9606	REN,ACE,AGT,AGTR2,ACE2,AGTR1,BDKRB2,KNG1	REN,ACE,AGT,AGTR2,ACE2,AGTR1,BDKRB2,KNG1	5.22e-12	9.1e-09	Blood circulation
Process	GO:0001991	4	14	9606	REN,ACE,AGTR2,ACE2	REN,ACE,AGTR2,ACE2	1.6e-10	1.93e-07	Regulation of systemic arterial blood pressure by circulatory renin-angiotensin
Process	GO:0019229	5	63	9606	ACE,AGT,ACE2,AGTR1,BDKRB2	ACE,AGT,ACE2,AGTR1,BDKRB2	1.91e-10	2.14e-07	Regulation of vasoconstriction
Process	GO:0003071	4	24	9606	REN,AGT,AGTR2,AGTR1	REN,AGT,AGTR2,AGTR1	1.07e-09	1.05e-06	Renal system process involved in regulation of systemic arterial blood pressure
Process	GO:1903522	6	250	9606	ACE,AGT,AGTR2,ACE2,AGTR1,BDKRB2	ACE,AGT,AGTR2,ACE2,AGTR1,BDKRB2	1.98e-09	1.83e-06	Regulation of blood circulation
Process	GO:0002018	3	3	9606	REN,AGT,AGTR1	REN,AGT,AGTR1	2.58e-09	2.13e-06	Renin-angiotensin regulation of aldosterone production
Process	GO:0044057	7	567	9606	REN,ACE,AGT,AGTR2,ACE2,AGTR1,BDKRB2	REN,ACE,AGT,AGTR2,ACE2,AGTR1,BDKRB2	5.11e-09	4.01e-06	Regulation of system process
Process	GO:0002034	3	5	9606	AGT,AGTR2,AGTR1	AGT,AGTR2,AGTR1	7.23e-09	5.4e-06	Maintenance of blood vessel diameter homeostasis by renin-angiotensin
Process	GO:0002035	3	5	9606	AGT,AGTR2,ACE2	AGT,AGTR2,ACE2	7.23e-09	5.4e-06	Brain renin-angiotensin system
Process	GO:0042311	4	48	9606	AGT,AGTR2,BDKRB2,KNG1	AGT,AGTR2,BDKRB2,KNG1	1.4e-08	8.46e-06	Vasodilation
Process	GO:0002003	3	9	9606	REN,ACE,ACE2	REN,ACE,ACE2	2.84e-08	1.65e-05	Angiotensin maturation
Process	GO:1903596	3	10	9606	ACE,AGT,ACE2	ACE,AGT,ACE2	3.69e-08	2.07e-05	Regulation of gap junction assembly
Process	GO:0042756	3	12	9606	REN,AGT,ACE2	REN,AGT,ACE2	5.86e-08	3.06e-05	Drinking behavior
Process	GO:0038166	3	13	9606	AGT,AGTR2,AGTR1	AGT,AGTR2,AGTR1	7.21e-08	3.65e-05	Angiotensin-activated signaling pathway
Process	GO:0032870	6	489	9606	REN,ACE,NR3C2,AGT,AGTR2,AGTR1	REN,ACE,NR3C2,AGT,AGTR2,AGTR1	1.01e-07	4.8e-05	Cellular response to hormone stimulus
Process	GO:0007631	4	88	9606	REN,ACE,AGT,ACE2	REN,ACE,AGT,ACE2	1.43e-07	6.6e-05	Feeding behavior
Process	GO:0035813	3	19	9606	ACE,AGT,AGTR1	ACE,AGT,AGTR1	1.98e-07	8.63e-05	Regulation of renal sodium excretion
Process	GO:0001822	5	296	9606	REN,ACE,AGT,AGTR2,AGTR1	REN,ACE,AGT,AGTR2,AGTR1	3.44e-07	0.00014	Kidney development
Process	GO:0042310	3	34	9606	ACE,AGT,BDKRB2	ACE,AGT,BDKRB2	9.94e-07	0.00034	Vasoconstriction
Process	GO:0001974	3	35	9606	ACE,AGT,AGTR2	ACE,AGT,AGTR2	1.08e-06	0.00036	Blood vessel remodeling
Process	GO:0007199	2	2	9606	AGT,AGTR2	AGT,AGTR2	1.7e-06	0.0005	G protein-coupled receptor signaling pathway coupled to cGMP nucleotide second messenger
Process	GO:0002019	2	3	9606	ACE,AGT	ACE,AGT	2.83e-06	0.00082	Regulation of renal output by angiotensin
Process	GO:0003051	2	3	9606	AGT,ACE2	AGT,ACE2	2.83e-06	0.00082	Angiotensin-mediated drinking behavior
Process	GO:0007204	4	201	9606	AGT,AGTR1,BDKRB2,KNG1	AGT,AGTR1,BDKRB2,KNG1	3.54e-06	0.00099	Positive regulation of cytosolic calcium ion concentration
Process	GO:0016485	4	202	9606	REN,ACE,MMEL1,ACE2	REN,ACE,MMEL1,ACE2	3.61e-06	0.00099	Protein processing
Process	GO:0051387	2	4	9606	AGT,AGTR2	AGT,AGTR2	4.24e-06	0.0011	Negative regulation of neurotrophin TRK receptor signaling pathway
Process	GO:0051353	3	61	9606	AGT,AGTR2,AGTR1	AGT,AGTR2,AGTR1	5.29e-06	0.0014	Positive regulation of oxidoreductase activity
Process	GO:0010817	5	525	9606	REN,ACE,AGT,ACE2,AGTR1	REN,ACE,AGT,ACE2,AGTR1	5.57e-06	0.0015	Regulation of hormone levels
Process	GO:2000379	3	69	9606	AGT,ACE2,AGTR1	AGT,ACE2,AGTR1	7.55e-06	0.0019	Positive regulation of reactive oxygen species metabolic process
Process	GO:0007610	5	598	9606	REN,ACE,AGT,AGTR2,ACE2	REN,ACE,AGT,AGTR2,ACE2	1.05e-05	0.0025	Behavior
Process	GO:0033864	2	7	9606	AGT,AGTR1	AGT,AGTR1	1.02e-05	0.0025	Positive regulation of NAD(P)H oxidase activity
Process	GO:0065008	9	3654	9606	REN,ACE,ALB,AGT,AGTR2,ACE2,AGTR1,BDKRB2,KNG1	REN,ACE,ALB,AGT,AGTR2,ACE2,AGTR1,BDKRB2,KNG1	1e-05	0.0025	Regulation of biological quality
Process	GO:1903598	2	7	9606	AGT,ACE2	AGT,ACE2	1.02e-05	0.0025	Positive regulation of gap junction assembly
Process	GO:0070887	8	2609	9606	REN,ACE,ALB,NR3C2,AGT,AGTR2,AGTR1,BDKRB2	REN,ACE,ALB,NR3C2,AGT,AGTR2,AGTR1,BDKRB2	1.09e-05	0.0026	Cellular response to chemical stimulus
Process	GO:1905920	2	8	9606	AGT,AGTR1	AGT,AGTR1	1.27e-05	0.0029	Positive regulation of CoA-transferase activity
Process	GO:0051239	8	2749	9606	REN,ACE,AGT,AGTR2,ACE2,AGTR1,BDKRB2,KNG1	REN,ACE,AGT,AGTR2,ACE2,AGTR1,BDKRB2,KNG1	1.61e-05	0.0036	Regulation of multicellular organismal process
Process	GO:0048583	9	3931	9606	REN,ACE,NR3C2,AGT,AGTR2,ACE2,AGTR1,BDKRB2,KNG1	REN,ACE,NR3C2,AGT,AGTR2,ACE2,AGTR1,BDKRB2,KNG1	1.87e-05	0.0041	Regulation of response to stimulus
Process	GO:1903961	2	12	9606	AGT,ACE2	AGT,ACE2	2.57e-05	0.0053	Positive regulation of anion transmembrane transport
Process	GO:0050727	4	371	9606	ACE,AGT,ACE2,AGTR1	ACE,AGT,ACE2,AGTR1	3.83e-05	0.0076	Regulation of inflammatory response
Process	GO:0080134	6	1373	9606	ACE,AGT,ACE2,AGTR1,BDKRB2,KNG1	ACE,AGT,ACE2,AGTR1,BDKRB2,KNG1	3.95e-05	0.0077	Regulation of response to stress
Process	GO:0034374	2	16	9606	AGT,AGTR1	AGT,AGTR1	4.31e-05	0.0083	Low-density lipoprotein particle remodeling
Process	GO:0010958	2	17	9606	AGT,ACE2	AGT,ACE2	4.82e-05	0.0092	Regulation of amino acid import across plasma membrane
Process	GO:0010744	2	18	9606	AGT,AGTR1	AGT,AGTR1	5.35e-05	0.01	Positive regulation of macrophage derived foam cell differentiation
Process	GO:0050435	2	18	9606	REN,ACE	REN,ACE	5.35e-05	0.01	Amyloid-beta metabolic process
Process	GO:0090190	2	18	9606	AGT,AGTR2	AGT,AGTR2	5.35e-05	0.01	Positive regulation of branching involved in ureteric bud morphogenesis
Process	GO:0042981	6	1462	9606	ACE,ALB,AGT,AGTR2,BDKRB2,KNG1	ACE,ALB,AGT,AGTR2,BDKRB2,KNG1	5.63e-05	0.0101	Regulation of apoptotic process
Process	GO:0050729	3	145	9606	ACE,AGT,AGTR1	ACE,AGT,AGTR1	6.55e-05	0.0113	Positive regulation of inflammatory response
Process	GO:0006950	8	3358	9606	REN,ACE,ALB,AGT,AGTR2,AGTR1,BDKRB2,KNG1	REN,ACE,ALB,AGT,AGTR2,AGTR1,BDKRB2,KNG1	7.25e-05	0.0121	Response to stress
Process	GO:0007263	2	21	9606	AGT,AGTR2	AGT,AGTR2	7.12e-05	0.0121	Nitric oxide mediated signal transduction
Process	GO:0010646	8	3355	9606	REN,ACE,NR3C2,AGT,AGTR2,ACE2,AGTR1,BDKRB2	REN,ACE,NR3C2,AGT,AGTR2,ACE2,AGTR1,BDKRB2	7.2e-05	0.0121	Regulation of cell communication
Process	GO:0023051	8	3367	9606	REN,ACE,NR3C2,AGT,AGTR2,ACE2,AGTR1,BDKRB2	REN,ACE,NR3C2,AGT,AGTR2,ACE2,AGTR1,BDKRB2	7.4e-05	0.0121	Regulation of signaling
Process	GO:0051957	2	25	9606	AGT,ACE2	AGT,ACE2	9.86e-05	0.0159	Positive regulation of amino acid transport
Process	GO:1903779	2	25	9606	AGT,ACE2	AGT,ACE2	9.86e-05	0.0159	Regulation of cardiac conduction
Process	GO:0032101	5	964	9606	ACE,AGT,ACE2,AGTR1,KNG1	ACE,AGT,ACE2,AGTR1,KNG1	0.0001	0.0161	Regulation of response to external stimulus
Process	GO:0007565	3	170	9606	ACE,AGT,ACE2	ACE,AGT,ACE2	0.0001	0.0162	Female pregnancy
Process	GO:0050482	2	26	9606	ACE,BDKRB2	ACE,BDKRB2	0.00011	0.0163	Arachidonic acid secretion
Process	GO:0043065	4	507	9606	ACE,AGT,AGTR2,KNG1	ACE,AGT,AGTR2,KNG1	0.00013	0.0189	Positive regulation of apoptotic process
Process	GO:0006954	4	538	9606	AGTR2,AGTR1,BDKRB2,KNG1	AGTR2,AGTR1,BDKRB2,KNG1	0.00016	0.022	Inflammatory response
Process	GO:0008016	3	201	9606	AGT,AGTR2,ACE2	AGT,AGTR2,ACE2	0.00017	0.0227	Regulation of heart contraction
Process	GO:0045777	2	36	9606	ACE,AGT	ACE,AGT	0.0002	0.0257	Positive regulation of blood pressure
Process	GO:0044092	5	1143	9606	ACE,AGT,AGTR2,ACE2,KNG1	ACE,AGT,AGTR2,ACE2,KNG1	0.00023	0.0293	Negative regulation of molecular function
Process	GO:0019932	3	239	9606	AGT,AGTR2,AGTR1	AGT,AGTR2,AGTR1	0.00028	0.0337	Second-messenger-mediated signaling
Process	GO:0045429	2	43	9606	AGT,AGTR2	AGT,AGTR2	0.00028	0.0337	Positive regulation of nitric oxide biosynthetic process
Process	GO:0051046	4	620	9606	REN,ACE,AGT,AGTR1	REN,ACE,AGT,AGTR1	0.00027	0.0337	Regulation of secretion
Process	GO:0046942	3	249	9606	ACE,ACE2,BDKRB2	ACE,ACE2,BDKRB2	0.00032	0.0362	Carboxylic acid transport
Process	GO:2001238	2	50	9606	AGT,AGTR2	AGT,AGTR2	0.00037	0.0414	Positive regulation of extrinsic apoptotic signaling pathway
Process	GO:0015849	3	278	9606	ACE,ACE2,BDKRB2	ACE,ACE2,BDKRB2	0.00043	0.0473	Organic acid transport
Process	GO:0010518	2	55	9606	AGT,AGTR1	AGT,AGTR1	0.00044	0.0481	Positive regulation of phospholipase activity
Function	GO:0001664	4	295	9606	ACE,AGT,AGTR1,BDKRB2	ACE,AGT,AGTR1,BDKRB2	1.57e-05	0.0084	G protein-coupled receptor binding
Function	GO:0004945	2	4	9606	AGTR2,AGTR1	AGTR2,AGTR1	4.24e-06	0.0084	Angiotensin type II receptor activity
Function	GO:0005102	7	1499	9606	REN,ACE,AGT,AGTR2,AGTR1,BDKRB2,KNG1	REN,ACE,AGT,AGTR2,AGTR1,BDKRB2,KNG1	3.76e-06	0.0084	Signaling receptor binding
Function	GO:0008241	2	2	9606	ACE,ACE2	ACE,ACE2	1.7e-06	0.0084	Peptidyl-dipeptidase activity
Function	GO:0008270	6	827	9606	ACE,ALB,NR3C2,MMEL1,ACE2,KNG1	ACE,ALB,NR3C2,MMEL1,ACE2,KNG1	2.15e-06	0.0084	Zinc ion binding
Function	GO:0031702	2	6	9606	AGT,BDKRB2	AGT,BDKRB2	7.91e-06	0.0084	Type 1 angiotensin receptor binding
Function	GO:0031711	2	2	9606	ACE,AGTR1	ACE,AGTR1	1.7e-06	0.0084	Bradykinin receptor binding
Function	GO:0008528	3	143	9606	AGTR2,AGTR1,BDKRB2	AGTR2,AGTR1,BDKRB2	6.29e-05	0.0282	G protein-coupled peptide receptor activity
Function	GO:0004175	4	437	9606	REN,ACE,MMEL1,ACE2	REN,ACE,MMEL1,ACE2	7.2e-05	0.0291	Endopeptidase activity
Function	GO:0008237	3	187	9606	ACE,MMEL1,ACE2	ACE,MMEL1,ACE2	0.00014	0.0484	Metallopeptidase activity
TISSUES	BTO:0006188	4	7	9606	REN,ACE,ALB,AGT	REN,ACE,ALB,AGT	1.73e-11	4.19e-08	Arterial blood
TISSUES	BTO:0001165	3	3	9606	REN,ACE,AGT	REN,ACE,AGT	2.58e-09	3.13e-06	Renal artery
TISSUES	BTO:0001997	3	5	9606	REN,ACE,AGT	REN,ACE,AGT	7.23e-09	5.85e-06	Arteriole
TISSUES	BTO:0006279	3	6	9606	REN,ALB,AGT	REN,ALB,AGT	1.08e-08	6.58e-06	Tubulointerstitium
TISSUES	BTO:0002045	3	12	9606	ACE,ALB,ACE2	ACE,ALB,ACE2	5.86e-08	2.84e-05	Capillary
TISSUES	BTO:0000901	3	16	9606	REN,ACE,AGT	REN,ACE,AGT	1.25e-07	5.04e-05	Myocardium
TISSUES	BTO:0000671	7	1039	9606	REN,ACE,ALB,NR3C2,AGT,AGTR2,KNG1	REN,ACE,ALB,NR3C2,AGT,AGTR2,KNG1	3.18e-07	0.00011	Kidney
TISSUES	BTO:0001239	3	25	9606	ALB,AGT,KNG1	ALB,AGT,KNG1	4.2e-07	0.00013	Serum
TISSUES	BTO:0001102	5	354	9606	REN,ACE,ALB,AGT,ACE2	REN,ACE,ALB,AGT,ACE2	8.23e-07	0.00022	Blood vessel
TISSUES	BTO:0000562	6	738	9606	REN,ACE,ALB,NR3C2,AGT,ACE2	REN,ACE,ALB,NR3C2,AGT,ACE2	1.11e-06	0.00027	Heart
TISSUES	BTO:0002778	2	3	9606	AGT,AGTR1	AGT,AGTR1	2.83e-06	0.00046	Rostral ventrolateral medulla
TISSUES	BTO:0006266	2	3	9606	AGT,AGTR1	AGT,AGTR1	2.83e-06	0.00046	Subfornical organ
TISSUES	BTO:0000573	4	219	9606	REN,ACE,ALB,AGT	REN,ACE,ALB,AGT	4.95e-06	0.00061	Artery
TISSUES	BTO:0002354	2	4	9606	ACE,ALB	ACE,ALB	4.24e-06	0.00061	Talus
TISSUES	BTO:0003940	2	4	9606	REN,AGT	REN,AGT	4.24e-06	0.00061	Macula densa
TISSUES	BTO:0005158	2	4	9606	REN,AGT	REN,AGT	4.24e-06	0.00061	Juxtaglomerular cell
TISSUES	BTO:0000048	2	6	9606	REN,AGT	REN,AGT	7.91e-06	0.00091	Zona glomerulosa
TISSUES	BTO:0000779	2	6	9606	ALB,AGT	ALB,AGT	7.91e-06	0.00091	Mesenteric artery
TISSUES	BTO:0000924	3	78	9606	REN,ALB,AGT	REN,ALB,AGT	1.08e-05	0.001	Nephron
TISSUES	BTO:0004578	2	7	9606	REN,AGT	REN,AGT	1.02e-05	0.001	Vascular smooth muscle cell
TISSUES	BTO:0000089	7	1824	9606	REN,ACE,ALB,NR3C2,AGT,AGTR2,AGTR1	REN,ACE,ALB,NR3C2,AGT,AGTR2,AGTR1	1.39e-05	0.0012	Blood
TISSUES	BTO:0001260	3	87	9606	REN,AGT,KNG1	REN,AGT,KNG1	1.48e-05	0.0012	Smooth muscle
TISSUES	BTO:0000570	8	2755	9606	REN,ACE,ALB,NR3C2,AGT,AGTR2,AGTR1,KNG1	REN,ACE,ALB,NR3C2,AGT,AGTR2,AGTR1,KNG1	1.64e-05	0.0013	Hematopoietic system
TISSUES	BTO:0003718	2	9	9606	ALB,AGT	ALB,AGT	1.55e-05	0.0013	Vasculature
TISSUES	BTO:0000122	2	11	9606	ALB,ACE2	ALB,ACE2	2.2e-05	0.0016	Bile duct
TISSUES	BTO:0000416	5	697	9606	REN,ACE,ALB,AGT,ACE2	REN,ACE,ALB,AGT,ACE2	2.18e-05	0.0016	Epithelium
TISSUES	BTO:0000759	7	2125	9606	ACE,ALB,AGT,AGTR2,ACE2,AGTR1,KNG1	ACE,ALB,AGT,AGTR2,ACE2,AGTR1,KNG1	3.82e-05	0.0025	Liver
TISSUES	BTO:0001369	5	780	9606	REN,ACE,ALB,AGT,KNG1	REN,ACE,ALB,AGT,KNG1	3.74e-05	0.0025	Vertebrate muscular system
TISSUES	BTO:0001832	2	17	9606	REN,AGT	REN,AGT	4.82e-05	0.003	Sympathetic nervous system
TISSUES	BTO:0001043	2	21	9606	ACE,ALB	ACE,ALB	7.12e-05	0.0041	Adult
TISSUES	BTO:0000234	2	23	9606	REN,ALB	REN,ALB	8.44e-05	0.0048	Vein
TISSUES	BTO:0000140	3	165	9606	ACE,ALB,ACE2	ACE,ALB,ACE2	9.54e-05	0.0051	Bone
TISSUES	BTO:0000392	3	171	9606	ACE,AGT,KNG1	ACE,AGT,KNG1	0.00011	0.0055	Plasma cell
TISSUES	BTO:0000203	6	1707	9606	ACE,ALB,AGTR2,ACE2,BDKRB2,KNG1	ACE,ALB,AGTR2,ACE2,BDKRB2,KNG1	0.00013	0.0068	Respiratory system
TISSUES	BTO:0000887	5	1070	9606	REN,ACE,ALB,AGT,KNG1	REN,ACE,ALB,AGT,KNG1	0.00017	0.0081	Muscle
TISSUES	BTO:0001491	9	5378	9606	REN,ACE,ALB,NR3C2,AGT,AGTR2,ACE2,AGTR1,KNG1	REN,ACE,ALB,NR3C2,AGT,AGTR2,ACE2,AGTR1,KNG1	0.00027	0.0124	Viscus
TISSUES	BTO:0003091	10	7090	9606	REN,ACE,ALB,NR3C2,AGT,AGTR2,ACE2,AGTR1,BDKRB2,KNG1	REN,ACE,ALB,NR3C2,AGT,AGTR2,ACE2,AGTR1,BDKRB2,KNG1	0.00027	0.0124	Urogenital system
TISSUES	BTO:0000067	2	44	9606	ALB,ACE2	ALB,ACE2	0.00029	0.0128	Kidney cell line
TISSUES	BTO:0001486	5	1307	9606	ACE,ALB,AGT,ACE2,KNG1	ACE,ALB,AGT,ACE2,KNG1	0.00043	0.017	Skeletal system
TISSUES	BTO:0000469	2	61	9606	ALB,ACE2	ALB,ACE2	0.00054	0.0212	Flower
TISSUES	BTO:0000763	5	1395	9606	ACE,ALB,AGTR2,ACE2,BDKRB2	ACE,ALB,AGTR2,ACE2,BDKRB2	0.00058	0.0222	Lung
TISSUES	BTO:0001158	2	65	9606	ALB,ACE2	ALB,ACE2	0.00061	0.0233	Rectum
TISSUES	BTO:0000862	2	86	9606	ACE,ALB	ACE,ALB	0.0011	0.0382	Heart ventricle
TISSUES	BTO:0000421	4	954	9606	ACE,ALB,AGT,ACE2	ACE,ALB,AGT,ACE2	0.0014	0.0496	Connective tissue
DISEASES	DOID:10763	7	41	9606	REN,ACE,ALB,NR3C2,AGT,ACE2,AGTR1	REN,ACE,ALB,NR3C2,AGT,ACE2,AGTR1	1.05e-16	4.84e-13	Hypertension
DISEASES	DOID:11130	5	6	9606	REN,ACE,NR3C2,AGT,AGTR1	REN,ACE,NR3C2,AGT,AGTR1	8.6e-15	1.98e-11	Secondary hypertension
DISEASES	DOID:10825	4	8	9606	REN,ACE,AGT,AGTR1	REN,ACE,AGT,AGTR1	2.59e-11	2.34e-08	Essential hypertension
DISEASES	DOID:1287	8	493	9606	REN,ACE,ALB,NR3C2,AGT,MMEL1,ACE2,AGTR1	REN,ACE,ALB,NR3C2,AGT,MMEL1,ACE2,AGTR1	2.54e-11	2.34e-08	Cardiovascular system disease
DISEASES	DOID:0080600	4	16	9606	REN,ACE,AGT,ACE2	REN,ACE,AGT,ACE2	2.53e-10	1.66e-07	COVID-19
DISEASES	DOID:784	4	18	9606	REN,ACE,ALB,AGT	REN,ACE,ALB,AGT	3.82e-10	2.19e-07	Chronic kidney disease
DISEASES	DOID:6000	4	25	9606	REN,ACE,NR3C2,AGT	REN,ACE,NR3C2,AGT	1.24e-09	5.17e-07	Congestive heart failure
DISEASES	DOID:576	4	29	9606	REN,ACE,ALB,AGT	REN,ACE,ALB,AGT	2.13e-09	8.16e-07	Proteinuria
DISEASES	DOID:114	6	270	9606	REN,ACE,NR3C2,AGT,MMEL1,ACE2	REN,ACE,NR3C2,AGT,MMEL1,ACE2	3.11e-09	9.13e-07	Heart disease
DISEASES	DOID:11516	3	3	9606	REN,ACE,AGT	REN,ACE,AGT	2.58e-09	9.13e-07	Hypertensive heart disease
DISEASES	DOID:11664	3	3	9606	REN,ACE,AGT	REN,ACE,AGT	2.58e-09	9.13e-07	Nephrosclerosis
DISEASES	DOID:1591	3	3	9606	REN,ACE,AGT	REN,ACE,AGT	2.58e-09	9.13e-07	Renovascular hypertension
DISEASES	DOID:3393	4	36	9606	REN,ACE,ALB,AGT	REN,ACE,ALB,AGT	4.75e-09	1.22e-06	Coronary artery disease
DISEASES	DOID:9651	3	4	9606	REN,ACE,NR3C2	REN,ACE,NR3C2	4.52e-09	1.22e-06	Systolic heart failure
DISEASES	DOID:934	5	133	9606	REN,ACE,ALB,AGT,ACE2	REN,ACE,ALB,AGT,ACE2	6.99e-09	1.61e-06	Viral infectious disease
DISEASES	DOID:0050117	6	368	9606	REN,ACE,ALB,AGT,ACE2,BDKRB2	REN,ACE,ALB,AGT,ACE2,BDKRB2	1.91e-08	4.18e-06	Disease by infectious agent
DISEASES	DOID:783	3	10	9606	REN,ACE,ALB	REN,ACE,ALB	3.69e-08	7.7e-06	End stage renal disease
DISEASES	DOID:11162	3	17	9606	ACE,ALB,ACE2	ACE,ALB,ACE2	1.47e-07	2.93e-05	Respiratory failure
DISEASES	DOID:557	5	275	9606	REN,ACE,ALB,NR3C2,AGT	REN,ACE,ALB,NR3C2,AGT	2.41e-07	4.61e-05	Kidney disease
DISEASES	DOID:5844	3	27	9606	REN,ACE,AGT	REN,ACE,AGT	5.21e-07	9.57e-05	Myocardial infarction
DISEASES	DOID:326	3	30	9606	ACE,ALB,AGT	ACE,ALB,AGT	6.99e-07	0.00012	Ischemia
DISEASES	DOID:2388	2	2	9606	REN,ACE	REN,ACE	1.7e-06	0.00028	Renal artery disease
DISEASES	DOID:6713	3	46	9606	REN,ACE,ALB	REN,ACE,ALB	2.35e-06	0.00037	Cerebrovascular disease
DISEASES	DOID:10824	2	3	9606	REN,AGT	REN,AGT	2.83e-06	0.00043	Malignant hypertension
DISEASES	DOID:10272	2	4	9606	ACE,NR3C2	ACE,NR3C2	4.24e-06	0.00063	Left bundle branch hemiblock
DISEASES	DOID:11502	2	4	9606	ACE,MMEL1	ACE,MMEL1	4.24e-06	0.00063	Mitral valve insufficiency
DISEASES	DOID:9428	2	4	9606	REN,ALB	REN,ALB	4.24e-06	0.00063	Intracranial hypertension
DISEASES	DOID:11396	2	5	9606	ALB,ACE2	ALB,ACE2	5.94e-06	0.0008	Pulmonary edema
DISEASES	DOID:4500	2	6	9606	REN,NR3C2	REN,NR3C2	7.91e-06	0.001	Hypokalemia
DISEASES	DOID:1558	2	7	9606	ACE,KNG1	ACE,KNG1	1.02e-05	0.0013	Angioedema
DISEASES	DOID:5200	2	9	9606	REN,AGT	REN,AGT	1.55e-05	0.0019	Urinary tract obstruction
DISEASES	DOID:12028	2	10	9606	REN,NR3C2	REN,NR3C2	1.86e-05	0.0022	Conns syndrome
DISEASES	DOID:0050829	2	11	9606	ACE,ALB	ACE,ALB	2.2e-05	0.0025	Pericardium disease
DISEASES	DOID:820	2	11	9606	ACE,ACE2	ACE,ACE2	2.2e-05	0.0025	Myocarditis
DISEASES	DOID:0050338	3	105	9606	ACE,ALB,BDKRB2	ACE,ALB,BDKRB2	2.56e-05	0.0027	Primary bacterial infectious disease
DISEASES	DOID:341	2	18	9606	ACE,ALB	ACE,ALB	5.35e-05	0.0055	Peripheral vascular disease
DISEASES	DOID:2349	2	23	9606	ACE,AGT	ACE,AGT	8.44e-05	0.0082	Arteriosclerosis
DISEASES	DOID:4	10	6291	9606	REN,ACE,ALB,NR3C2,AGT,MMEL1,ACE2,AGTR1,BDKRB2,KNG1	REN,ACE,ALB,NR3C2,AGT,MMEL1,ACE2,AGTR1,BDKRB2,KNG1	8.66e-05	0.0083	Disease
DISEASES	DOID:0060158	3	162	9606	REN,ALB,NR3C2	REN,ALB,NR3C2	9.05e-05	0.0085	Acquired metabolic disease
DISEASES	DOID:552	2	24	9606	ALB,ACE2	ALB,ACE2	9.14e-05	0.0085	Pneumonia
DISEASES	DOID:7	9	4798	9606	REN,ACE,ALB,NR3C2,AGT,MMEL1,ACE2,AGTR1,KNG1	REN,ACE,ALB,NR3C2,AGT,MMEL1,ACE2,AGTR1,KNG1	0.0001	0.0092	Disease of anatomical entity
DISEASES	DOID:0060224	2	26	9606	ACE,NR3C2	ACE,NR3C2	0.00011	0.0094	Atrial fibrillation
DISEASES	DOID:13250	2	29	9606	ALB,ACE2	ALB,ACE2	0.00013	0.0109	Diarrhea
DISEASES	DOID:520	2	34	9606	ACE,AGT	ACE,AGT	0.00018	0.0145	Aortic disease
DISEASES	DOID:5614	4	749	9606	REN,ACE,ALB,ACE2	REN,ACE,ALB,ACE2	0.00056	0.041	Eye disease
Keyword	KW-1015	10	3338	9606	REN,ACE,ALB,AGT,AGTR2,MMEL1,ACE2,AGTR1,BDKRB2,KNG1	REN,ACE,ALB,AGT,AGTR2,MMEL1,ACE2,AGTR1,BDKRB2,KNG1	1.84e-07	0.00012	Disulfide bond
Keyword	KW-0325	10	4386	9606	REN,ACE,ALB,AGT,AGTR2,MMEL1,ACE2,AGTR1,BDKRB2,KNG1	REN,ACE,ALB,AGT,AGTR2,MMEL1,ACE2,AGTR1,BDKRB2,KNG1	2.65e-06	0.00089	Glycoprotein
Keyword	KW-0964	7	1839	9606	REN,ACE,ALB,AGT,MMEL1,ACE2,KNG1	REN,ACE,ALB,AGT,MMEL1,ACE2,KNG1	1.47e-05	0.0033	Secreted
Keyword	KW-0838	2	12	9606	AGT,KNG1	AGT,KNG1	2.57e-05	0.0043	Vasoactive
Keyword	KW-0482	3	152	9606	ACE,MMEL1,ACE2	ACE,MMEL1,ACE2	7.51e-05	0.0101	Metalloprotease
Keyword	KW-0645	4	516	9606	REN,ACE,MMEL1,ACE2	REN,ACE,MMEL1,ACE2	0.00014	0.0153	Protease
Keyword	KW-0121	2	34	9606	ACE,ACE2	ACE,ACE2	0.00018	0.0169	Carboxypeptidase
KEGG	hsa04614	6	23	9606	REN,ACE,AGT,AGTR2,ACE2,AGTR1	REN,ACE,AGT,AGTR2,ACE2,AGTR1	2.68e-15	9.02e-13	Renin-angiotensin system
KEGG	hsa04924	4	66	9606	REN,ACE,AGT,AGTR1	REN,ACE,AGT,AGTR1	4.72e-08	7.94e-06	Renin secretion
KEGG	hsa04080	5	329	9606	AGT,AGTR2,AGTR1,BDKRB2,KNG1	AGT,AGTR2,AGTR1,BDKRB2,KNG1	5.76e-07	6.45e-05	Neuroactive ligand-receptor interaction
KEGG	hsa05142	3	97	9606	ACE,BDKRB2,KNG1	ACE,BDKRB2,KNG1	2.03e-05	0.0017	Chagas disease
KEGG	hsa04261	3	146	9606	AGT,AGTR2,AGTR1	AGT,AGTR2,AGTR1	6.68e-05	0.0045	Adrenergic signaling in cardiomyocytes
KEGG	hsa04022	3	163	9606	AGTR1,BDKRB2,KNG1	AGTR1,BDKRB2,KNG1	9.21e-05	0.0052	cGMP-PKG signaling pathway
KEGG	hsa05200	4	515	9606	AGT,AGTR1,BDKRB2,KNG1	AGT,AGTR1,BDKRB2,KNG1	0.00014	0.0065	Pathways in cancer
KEGG	hsa04927	2	65	9606	AGT,AGTR1	AGT,AGTR1	0.00061	0.0258	Cortisol synthesis and secretion
KEGG	hsa04610	2	82	9606	BDKRB2,KNG1	BDKRB2,KNG1	0.00096	0.0359	Complement and coagulation cascades
KEGG	hsa04750	2	92	9606	BDKRB2,KNG1	BDKRB2,KNG1	0.0012	0.0371	Inflammatory mediator regulation of TRP channels
KEGG	hsa04925	2	94	9606	AGT,AGTR1	AGT,AGTR1	0.0013	0.0371	Aldosterone synthesis and secretion
KEGG	hsa04933	2	96	9606	AGT,AGTR1	AGT,AGTR1	0.0013	0.0371	AGE-RAGE signaling pathway in diabetic complications
KEGG	hsa05410	2	88	9606	ACE,AGT	ACE,AGT	0.0011	0.0371	Hypertrophic cardiomyopathy
KEGG	hsa04071	2	116	9606	BDKRB2,KNG1	BDKRB2,KNG1	0.0019	0.0453	Sphingolipid signaling pathway
InterPro	IPR000248	2	3	9606	AGTR2,AGTR1	AGTR2,AGTR1	2.83e-06	0.0122	Angiotensin II receptor family
InterPro	IPR001548	2	2	9606	ACE,ACE2	ACE,ACE2	1.7e-06	0.0122	Peptidase M2, peptidyl-dipeptidase A
Pfam	PF01401	2	2	9606	ACE,ACE2	ACE,ACE2	1.7e-06	0.0046	Angiotensin-converting enzyme
PMID	PMID:36579082	9	19	9606	REN,ACE,NR3C2,AGT,AGTR2,MMEL1,ACE2,AGTR1,KNG1	REN,ACE,NR3C2,AGT,AGTR2,MMEL1,ACE2,AGTR1,KNG1	3.07e-25	1.48e-18	(2022) Circulating angiotensin converting enzyme 2 and COVID-19.
PMID	PMID:33489085	9	19	9606	REN,ACE,ALB,NR3C2,AGT,MMEL1,ACE2,AGTR1,KNG1	REN,ACE,ALB,NR3C2,AGT,MMEL1,ACE2,AGTR1,KNG1	3.07e-25	1.48e-18	(2020) Potential mechanisms of beneficial effect of sacubitrilvalsartan on glycemic control.
PMID	PMID:34869917	9	24	9606	REN,ACE,NR3C2,AGT,AGTR2,MMEL1,ACE2,AGTR1,KNG1	REN,ACE,NR3C2,AGT,AGTR2,MMEL1,ACE2,AGTR1,KNG1	1.71e-24	2.76e-18	(2021) COVID-19 and renin angiotensin aldosterone system: Pathogenesis and therapy.
PMID	PMID:30581499	9	26	9606	REN,ACE,NR3C2,AGT,AGTR2,MMEL1,ACE2,AGTR1,KNG1	REN,ACE,NR3C2,AGT,AGTR2,MMEL1,ACE2,AGTR1,KNG1	3.14e-24	3.79e-18	(2018) Differential Gene Expression Profile of Renin-Angiotensin System in the Left Atrium in Mitral Regurgitation Patients.
PMID	PMID:24759141	9	26	9606	REN,ACE,ALB,AGT,AGTR2,ACE2,AGTR1,BDKRB2,KNG1	REN,ACE,ALB,AGT,AGTR2,ACE2,AGTR1,BDKRB2,KNG1	3.14e-24	3.79e-18	(2014) Physiologic activities of the contact activation system.
PMID	PMID:28691117	9	28	9606	REN,ACE,ALB,AGT,MMEL1,ACE2,AGTR1,BDKRB2,KNG1	REN,ACE,ALB,AGT,MMEL1,ACE2,AGTR1,BDKRB2,KNG1	5.53e-24	4.45e-18	(2017) Angiotensin-(1-7) and the Regulation of Anti-Fibrotic Signaling Pathways.
PMID	PMID:19716087	8	11	9606	REN,ACE,AGT,AGTR2,ACE2,AGTR1,BDKRB2,KNG1	REN,ACE,AGT,AGTR2,ACE2,AGTR1,BDKRB2,KNG1	2.21e-23	1.52e-17	(2009) Genetic variation in angiotensin-converting enzyme-related pathways associated with sudden cardiac arrest risk.
PMID	PMID:36140844	8	12	9606	REN,ACE,AGT,AGTR2,ACE2,AGTR1,BDKRB2,KNG1	REN,ACE,AGT,AGTR2,ACE2,AGTR1,BDKRB2,KNG1	3.68e-23	2.22e-17	(2022) Gene Polymorphism and Total Genetic Score in Martial Arts Athletes with Different Athletic Qualifications.
PMID	PMID:31680980	8	12	9606	REN,ACE,NR3C2,AGT,ACE2,AGTR1,BDKRB2,KNG1	REN,ACE,NR3C2,AGT,ACE2,AGTR1,BDKRB2,KNG1	3.68e-23	2.22e-17	(2019) Potassium Intake Prevents the Induction of the Renin-Angiotensin System and Increases Medullary ACE2 and COX-2 in the Kidneys of Angiotensin II-Dependent Hypertensive Rats.
PMID	PMID:33731923	9	38	9606	REN,ACE,NR3C2,AGT,MMEL1,ACE2,AGTR1,BDKRB2,KNG1	REN,ACE,NR3C2,AGT,MMEL1,ACE2,AGTR1,BDKRB2,KNG1	6.05e-23	2.87e-17	(2021) Novel therapeutics for the treatment of hypertension and its associated complications: peptide- and nonpeptide-based strategies.
PMID	PMID:19958778	8	13	9606	REN,ACE,ALB,AGT,MMEL1,ACE2,AGTR1,KNG1	REN,ACE,ALB,AGT,MMEL1,ACE2,AGTR1,KNG1	5.94e-23	2.87e-17	(2010) Addressing the theoretical and clinical advantages of combination therapy with inhibitors of the renin-angiotensin-aldosterone system: antihypertensive effects and benefits beyond BP control.
PMID	PMID:33850307	8	14	9606	REN,ACE,AGT,AGTR2,ACE2,AGTR1,BDKRB2,KNG1	REN,ACE,AGT,AGTR2,ACE2,AGTR1,BDKRB2,KNG1	9.34e-23	3.75e-17	(2021) Novel biomarkers of childhood and adolescent obesity.
PMID	PMID:32788834	8	14	9606	REN,ACE,NR3C2,AGT,MMEL1,ACE2,AGTR1,KNG1	REN,ACE,NR3C2,AGT,MMEL1,ACE2,AGTR1,KNG1	9.34e-23	3.75e-17	(2020) The renin angiotensin aldosterone system and COVID-19.
PMID	PMID:32288774	8	14	9606	REN,ACE,ALB,AGT,ACE2,AGTR1,BDKRB2,KNG1	REN,ACE,ALB,AGT,ACE2,AGTR1,BDKRB2,KNG1	9.34e-23	3.75e-17	(2006) The renin-angiotensin system in acute respiratory distress syndrome.
PMID	PMID:36620638	8	15	9606	REN,ACE,ALB,NR3C2,AGT,MMEL1,AGTR1,KNG1	REN,ACE,ALB,NR3C2,AGT,MMEL1,AGTR1,KNG1	1.43e-22	4.61e-17	(2022) Assessing clinical and biomarker characteristics to optimize the benefits of sacubitrilvalsartan in heart failure.
PMID	PMID:20065150	8	15	9606	REN,ACE,AGT,MMEL1,ACE2,AGTR1,BDKRB2,KNG1	REN,ACE,AGT,MMEL1,ACE2,AGTR1,BDKRB2,KNG1	1.43e-22	4.61e-17	(2010) Angiotensin I-converting enzyme inhibitors are allosteric enhancers of kinin B1 and B2 receptor function.
PMID	PMID:37484281	8	16	9606	REN,ACE,ALB,AGT,MMEL1,ACE2,AGTR1,KNG1	REN,ACE,ALB,AGT,MMEL1,ACE2,AGTR1,KNG1	2.15e-22	6.09e-17	(2023) Nanoparticle approaches for the renin-angiotensin system.
PMID	PMID:33809971	8	16	9606	REN,ACE,AGT,AGTR2,MMEL1,ACE2,AGTR1,KNG1	REN,ACE,AGT,AGTR2,MMEL1,ACE2,AGTR1,KNG1	2.15e-22	6.09e-17	(2021) Renin-Angiotensin-Aldosterone System: Friend or Foe-The Matter of Balance. Insight on History, Therapeutic Implications and COVID-19 Interactions.
PMID	PMID:37668854	8	18	9606	REN,ACE,ALB,NR3C2,AGT,AGTR2,MMEL1,KNG1	REN,ACE,ALB,NR3C2,AGT,AGTR2,MMEL1,KNG1	4.56e-22	1.16e-16	(2023) The Pivotal Role of Angiotensin-Converting Enzyme Inhibitors and Angiotensin II Receptor Blockers in Hypertension Management and Cardiovascular and Renal Protection: A Critical Appraisal and Comparison of International Guidelines.
PMID	PMID:33004114	8	18	9606	REN,ACE,ALB,NR3C2,AGT,MMEL1,AGTR1,KNG1	REN,ACE,ALB,NR3C2,AGT,MMEL1,AGTR1,KNG1	4.56e-22	1.16e-16	(2020) SacubitrilValsartan: Neprilysin Inhibition 5 Years After PARADIGM-HF.
PMID	PMID:37107585	8	19	9606	REN,ACE,AGT,AGTR2,ACE2,AGTR1,BDKRB2,KNG1	REN,ACE,AGT,AGTR2,ACE2,AGTR1,BDKRB2,KNG1	6.48e-22	1.49e-16	(2023) Chronic Stress Alters Hippocampal Renin-Angiotensin-Aldosterone System Component Expression in an Aged Rat Model of Wolfram Syndrome.
PMID	PMID:30145617	8	19	9606	REN,ALB,NR3C2,AGT,MMEL1,ACE2,AGTR1,KNG1	REN,ALB,NR3C2,AGT,MMEL1,ACE2,AGTR1,KNG1	6.48e-22	1.49e-16	(2018) Novel Medical Treatments for Hypertension and Related Comorbidities.
PMID	PMID:37732033	9	52	9606	REN,ACE,ALB,AGT,AGTR2,ACE2,AGTR1,BDKRB2,KNG1	REN,ACE,ALB,AGT,AGTR2,ACE2,AGTR1,BDKRB2,KNG1	7.69e-22	1.61e-16	(2023) Bioactive lipid-based therapeutic approach to COVID-19 and other similar infections.
PMID	PMID:37895150	8	21	9606	REN,ACE,NR3C2,AGT,MMEL1,ACE2,AGTR1,KNG1	REN,ACE,NR3C2,AGT,MMEL1,ACE2,AGTR1,KNG1	1.25e-21	2.52e-16	(2023) Neurohumoral Activation in Heart Failure.
PMID	PMID:33980231	8	21	9606	REN,ACE,NR3C2,AGT,AGTR2,ACE2,AGTR1,KNG1	REN,ACE,NR3C2,AGT,AGTR2,ACE2,AGTR1,KNG1	1.25e-21	2.52e-16	(2021) Impact of in-hospital discontinuation with angiotensin receptor blockers or converting enzyme inhibitors on mortality of COVID-19 patients: a retrospective cohort study.
PMID	PMID:33837899	9	57	9606	REN,ACE,AGT,AGTR2,MMEL1,ACE2,AGTR1,BDKRB2,KNG1	REN,ACE,AGT,AGTR2,MMEL1,ACE2,AGTR1,BDKRB2,KNG1	1.64e-21	3.04e-16	(2021) COVID-19: imbalance of multiple systems during infection and importance of therapeutic choice and dosing of cardiac and anti-coagulant therapies.
PMID	PMID:32899439	8	22	9606	REN,ACE,NR3C2,AGT,AGTR2,ACE2,AGTR1,KNG1	REN,ACE,NR3C2,AGT,AGTR2,ACE2,AGTR1,KNG1	1.71e-21	3.05e-16	(2020) Genetic Hypothesis and Pharmacogenetics Side of Renin-Angiotensin-System in COVID-19.
PMID	PMID:35197849	8	23	9606	REN,ACE,ALB,AGT,MMEL1,ACE2,AGTR1,KNG1	REN,ACE,ALB,AGT,MMEL1,ACE2,AGTR1,KNG1	2.3e-21	3.96e-16	(2021) Combining Neprilysin Inhibitor With AT2R Agonist Is Superior to Combination With AT1R Blocker in Providing Reno-Protection in Obese Rats.
PMID	PMID:34859070	8	24	9606	REN,ACE,ALB,NR3C2,AGT,MMEL1,AGTR1,KNG1	REN,ACE,ALB,NR3C2,AGT,MMEL1,AGTR1,KNG1	3.07e-21	5.1e-16	(2021) Sacubitril-Valsartan, Clinical Benefits and Related Mechanisms of Action in Heart Failure With Reduced Ejection Fraction. A Review.
PMID	PMID:31399990	8	24	9606	REN,ACE,ALB,AGT,MMEL1,ACE2,AGTR1,KNG1	REN,ACE,ALB,AGT,MMEL1,ACE2,AGTR1,KNG1	3.07e-21	5.1e-16	(2019) Antifibrotic Roles of RAAS Blockers: Update.
PMID	PMID:19934006	8	24	9606	REN,ACE,ALB,AGT,ACE2,AGTR1,BDKRB2,KNG1	REN,ACE,ALB,AGT,ACE2,AGTR1,BDKRB2,KNG1	3.07e-21	5.1e-16	(2010) Human recombinant ACE2 reduces the progression of diabetic nephropathy.
PMID	PMID:35111237	8	25	9606	REN,ACE,ALB,NR3C2,AGT,MMEL1,ACE2,AGTR1	REN,ACE,ALB,NR3C2,AGT,MMEL1,ACE2,AGTR1	4.05e-21	6.1e-16	(2022) Role and Mechanism of the Renin-Angiotensin-Aldosterone System in the Onset and Development of Cardiorenal Syndrome.
PMID	PMID:33354204	8	25	9606	REN,ACE,AGT,AGTR2,MMEL1,ACE2,AGTR1,KNG1	REN,ACE,AGT,AGTR2,MMEL1,ACE2,AGTR1,KNG1	4.05e-21	6.1e-16	(2020) Nonclassical Axis of the Renin-Angiotensin System and Neprilysin: Key Mediators That Underlie the Cardioprotective Effect of PPAR-Alpha Activation during Myocardial Ischemia in a Metabolic Syndrome Model.
PMID	PMID:33396184	8	25	9606	REN,ACE,NR3C2,AGT,AGTR2,ACE2,AGTR1,KNG1	REN,ACE,NR3C2,AGT,AGTR2,ACE2,AGTR1,KNG1	4.05e-21	6.1e-16	(2020) The Two-Way Switch Role of ACE2 in the Treatment of Novel Coronavirus Pneumonia and Underlying Comorbidities.
PMID	PMID:37510775	7	7	9606	REN,ACE,AGT,AGTR2,ACE2,AGTR1,KNG1	REN,ACE,AGT,AGTR2,ACE2,AGTR1,KNG1	4.94e-21	6.81e-16	(2023) Evidence for Impaired Renin Activity in Postural Orthostatic Tachycardia Syndrome.
PMID	PMID:26712437	7	7	9606	REN,ACE,ALB,NR3C2,AGT,AGTR2,AGTR1	REN,ACE,ALB,NR3C2,AGT,AGTR2,AGTR1	4.94e-21	6.81e-16	(2016) Dual Blockade of the Renin-angiotensin-aldosterone System in Type 2 Diabetic Kidney Disease.
PMID	PMID:37511409	8	26	9606	REN,ACE,AGT,AGTR2,MMEL1,ACE2,BDKRB2,KNG1	REN,ACE,AGT,AGTR2,MMEL1,ACE2,BDKRB2,KNG1	5.29e-21	6.9e-16	(2023) Bradykinin Metabolism and Drug-Induced Angioedema.
PMID	PMID:26963721	8	26	9606	REN,ACE,ALB,AGT,MMEL1,ACE2,AGTR1,KNG1	REN,ACE,ALB,AGT,MMEL1,ACE2,AGTR1,KNG1	5.29e-21	6.9e-16	(2016) Anti-Inflammatory Action of Angiotensin 1-7 in Experimental Colitis.
PMID	PMID:36320442	8	27	9606	REN,ACE,ALB,AGT,MMEL1,ACE2,AGTR1,KNG1	REN,ACE,ALB,AGT,MMEL1,ACE2,AGTR1,KNG1	6.86e-21	8.49e-16	(2022) View of the Renin-Angiotensin System in Acute Kidney Injury Induced by Renal Ischemia-Reperfusion Injury.
PMID	PMID:32508938	8	27	9606	REN,ACE,AGT,AGTR2,ACE2,AGTR1,BDKRB2,KNG1	REN,ACE,AGT,AGTR2,ACE2,AGTR1,BDKRB2,KNG1	6.86e-21	8.49e-16	(2020) Role of angiotensin-converting enzyme in myeloid cell immune responses.
PMID	PMID:27021567	8	27	9606	REN,ACE,NR3C2,AGT,AGTR2,AGTR1,BDKRB2,KNG1	REN,ACE,NR3C2,AGT,AGTR2,AGTR1,BDKRB2,KNG1	6.86e-21	8.49e-16	(2016) Pharmacogenetic Risk Scores for Perindopril Clinical and Cost Effectiveness in Stable Coronary Artery Disease: When Are We Ready to Implement?
PMID	PMID:36612307	9	70	9606	REN,ACE,NR3C2,AGT,AGTR2,MMEL1,ACE2,AGTR1,KNG1	REN,ACE,NR3C2,AGT,AGTR2,MMEL1,ACE2,AGTR1,KNG1	9.11e-21	1.05e-15	(2023) Neprilysin Inhibition in the Prevention of Anthracycline-Induced Cardiotoxicity.
PMID	PMID:33318644	7	8	9606	REN,ACE,AGT,AGTR2,ACE2,AGTR1,KNG1	REN,ACE,AGT,AGTR2,ACE2,AGTR1,KNG1	9.26e-21	1.05e-15	(2021) A historical perspective on ACE2 in the COVID-19 era.
PMID	PMID:32370986	7	8	9606	REN,ACE,NR3C2,AGT,ACE2,AGTR1,KNG1	REN,ACE,NR3C2,AGT,ACE2,AGTR1,KNG1	9.26e-21	1.05e-15	(2020) Renin-angiotensin-aldosterone system and COVID-19 infection.
PMID	PMID:32553503	7	8	9606	REN,ACE,NR3C2,AGT,ACE2,AGTR1,KNG1	REN,ACE,NR3C2,AGT,ACE2,AGTR1,KNG1	9.26e-21	1.05e-15	(2020) Drugs acting on renin angiotensin system and use in ill patients with COVID-19.
PMID	PMID:33101066	7	8	9606	REN,ACE,AGT,AGTR2,MMEL1,ACE2,AGTR1	REN,ACE,AGT,AGTR2,MMEL1,ACE2,AGTR1	9.26e-21	1.05e-15	(2020) Angiotensin Converting Enzyme 2 (ACE2) in Pregnancy: Preeclampsia and Small for Gestational Age.
PMID	PMID:33489354	7	8	9606	REN,ACE,ALB,NR3C2,AGT,ACE2,AGTR1	REN,ACE,ALB,NR3C2,AGT,ACE2,AGTR1	9.26e-21	1.05e-15	(2020) Effects of L-N-Type Calcium Channel Blockers on Angiotensin II-Renin Feedback in Hypertensive Patients.
PMID	PMID:21687514	7	8	9606	REN,ACE,NR3C2,AGT,AGTR2,AGTR1,KNG1	REN,ACE,NR3C2,AGT,AGTR2,AGTR1,KNG1	9.26e-21	1.05e-15	(2011) Stroke, high blood pressure and the Renin-Angiotensin-aldosterone system - new developments.
PMID	PMID:33389262	8	29	9606	REN,ACE,NR3C2,AGT,AGTR2,ACE2,AGTR1,KNG1	REN,ACE,NR3C2,AGT,AGTR2,ACE2,AGTR1,KNG1	1.12e-20	1.11e-15	(2021) COVID-19: angiotensin-converting enzyme 2 (ACE2) expression and tissue susceptibility to SARS-CoV-2 infection.
PMID	PMID:23552514	8	29	9606	REN,ACE,ALB,AGT,AGTR2,ACE2,AGTR1,KNG1	REN,ACE,ALB,AGT,AGTR2,ACE2,AGTR1,KNG1	1.12e-20	1.11e-15	(2013) Chinese herbal formulas for treating hypertension in traditional Chinese medicine: perspective of modern science.
PMID	PMID:36818914	8	30	9606	REN,ACE,AGT,AGTR2,MMEL1,ACE2,AGTR1,KNG1	REN,ACE,AGT,AGTR2,MMEL1,ACE2,AGTR1,KNG1	1.42e-20	1.35e-15	(2022) Angiotensin receptor-neprilysin inhibitor improves coronary collateral perfusion.
PMID	PMID:27406184	8	30	9606	REN,ACE,NR3C2,AGT,AGTR2,MMEL1,ACE2,AGTR1	REN,ACE,NR3C2,AGT,AGTR2,MMEL1,ACE2,AGTR1	1.42e-20	1.35e-15	(2017) Interventional procedures and future drug therapy for hypertension.
PMID	PMID:26113123	8	30	9606	REN,ACE,ALB,AGT,ACE2,AGTR1,BDKRB2,KNG1	REN,ACE,ALB,AGT,ACE2,AGTR1,BDKRB2,KNG1	1.42e-20	1.35e-15	(2015) Acute and subchronic exposure to air particulate matter induces expression of angiotensin and bradykinin-related genes in the lungs and heart: Angiotensin-II type-I receptor as a molecular target of particulate matter exposure.
PMID	PMID:36331568	7	9	9606	REN,ACE,AGT,AGTR2,ACE2,AGTR1,KNG1	REN,ACE,AGT,AGTR2,ACE2,AGTR1,KNG1	1.65e-20	1.47e-15	(2023) Overview of pharmacotherapy targeting COVID-19 disease based on ACE-2: current challenges and future directions.
PMID	PMID:37762258	7	9	9606	REN,ACE,NR3C2,AGT,ACE2,AGTR1,KNG1	REN,ACE,NR3C2,AGT,ACE2,AGTR1,KNG1	1.65e-20	1.47e-15	(2023) Blood ACE2 Protein Level Correlates with COVID-19 Severity.
PMID	PMID:35346064	7	9	9606	REN,ACE,AGT,AGTR2,ACE2,AGTR1,KNG1	REN,ACE,AGT,AGTR2,ACE2,AGTR1,KNG1	1.65e-20	1.47e-15	(2022) Risk factors for long-term survival in patients with ypN+ M0 rectal cancer after radical anterior resection.
PMID	PMID:35396835	7	9	9606	REN,ACE,ALB,AGT,AGTR2,ACE2,AGTR1	REN,ACE,ALB,AGT,AGTR2,ACE2,AGTR1	1.65e-20	1.47e-15	(2022) Dysregulation of ACE-1 in Normal Aging and the Early Stages of Alzheimers Disease.
PMID	PMID:33507556	7	9	9606	REN,ACE,AGT,AGTR2,ACE2,AGTR1,KNG1	REN,ACE,AGT,AGTR2,ACE2,AGTR1,KNG1	1.65e-20	1.47e-15	(2021) No association between use of angiotensin-converting enzyme inhibitors or angiotensin II receptor blockers prior to hospital admission and clinical course of COVID-19 in the COvid MEdicaTion (COMET) study.
PMID	PMID:33714595	8	31	9606	REN,ACE,NR3C2,AGT,ACE2,AGTR1,BDKRB2,KNG1	REN,ACE,NR3C2,AGT,ACE2,AGTR1,BDKRB2,KNG1	1.79e-20	1.47e-15	(2021) Pernio (Chilblains), SARS-CoV-2, and COVID Toes Unified Through Cutaneous and Systemic Mechanisms.
PMID	PMID:34079337	7	9	9606	REN,ACE,AGT,MMEL1,ACE2,AGTR1,KNG1	REN,ACE,AGT,MMEL1,ACE2,AGTR1,KNG1	1.65e-20	1.47e-15	(2021) Angiotensin System Polymorphisms in SARS-CoV-2 Positive Patients: Assessment Between Symptomatic and Asymptomatic Patients: A Pilot Study.
PMID	PMID:32648000	7	9	9606	REN,ACE,AGT,AGTR2,MMEL1,AGTR1,KNG1	REN,ACE,AGT,AGTR2,MMEL1,AGTR1,KNG1	1.65e-20	1.47e-15	(2020) Should Angiotensin-Converting Enzyme Inhibitors ever Be Used for the Management of Hypertension?
PMID	PMID:28096047	7	9	9606	REN,ACE,AGT,MMEL1,ACE2,BDKRB2,KNG1	REN,ACE,AGT,MMEL1,ACE2,BDKRB2,KNG1	1.65e-20	1.47e-15	(2017) Cellular basis of angiotensin-(1-7)-induced augmentation of left ventricular functional performance in heart failure.
PMID	PMID:26039117	7	9	9606	REN,ACE,AGTR2,MMEL1,ACE2,AGTR1,KNG1	REN,ACE,AGTR2,MMEL1,ACE2,AGTR1,KNG1	1.65e-20	1.47e-15	(2015) Renin-Angiotensin system blockers may prolong survival of metastatic non-small cell lung cancer patients receiving erlotinib.
PMID	PMID:37370793	7	10	9606	REN,ACE,AGT,MMEL1,ACE2,AGTR1,KNG1	REN,ACE,AGT,MMEL1,ACE2,AGTR1,KNG1	2.8e-20	2.11e-15	(2023) Survival Benefit of Renin-Angiotensin System Blockers in Critically Ill Cancer Patients: A Retrospective Study.
PMID	PMID:35743089	7	10	9606	REN,ACE,AGT,AGTR2,ACE2,AGTR1,KNG1	REN,ACE,AGT,AGTR2,ACE2,AGTR1,KNG1	2.8e-20	2.11e-15	(2022) Pharmacotherapy Based on ACE2 Targeting and COVID-19 Infection.
PMID	PMID:35769399	7	10	9606	REN,ACE,ALB,AGT,AGTR2,ACE2,AGTR1	REN,ACE,ALB,AGT,AGTR2,ACE2,AGTR1	2.8e-20	2.11e-15	(2022) Identification of a novel hypotensive peptide from porcine plasma hydrolysate by in vitro digestion and rat model.
PMID	PMID:35885894	7	10	9606	REN,ACE,AGT,AGTR2,ACE2,AGTR1,KNG1	REN,ACE,AGT,AGTR2,ACE2,AGTR1,KNG1	2.8e-20	2.11e-15	(2022) The Role of ACE, ACE2, and AGTR2 Polymorphisms in COVID-19 Severity and the Presence of COVID-19-Related Retinopathy.
PMID	PMID:35928297	7	10	9606	REN,ACE,ALB,NR3C2,AGT,MMEL1,KNG1	REN,ACE,ALB,NR3C2,AGT,MMEL1,KNG1	2.8e-20	2.11e-15	(2022) Application of Angiotensin Receptor-Neprilysin Inhibitor in Chronic Kidney Disease Patients: Chinese Expert Consensus.
PMID	PMID:34513868	7	10	9606	REN,ACE,AGT,AGTR2,ACE2,AGTR1,KNG1	REN,ACE,AGT,AGTR2,ACE2,AGTR1,KNG1	2.8e-20	2.11e-15	(2021) Pathophysiology of COVID-19: Everywhere You Look You Will See ACE2!
PMID	PMID:32376099	7	10	9606	REN,ACE,AGT,MMEL1,ACE2,AGTR1,KNG1	REN,ACE,AGT,MMEL1,ACE2,AGTR1,KNG1	2.8e-20	2.11e-15	(2020) Angiotensin-Converting Enzyme 2 and Antihypertensives (Angiotensin Receptor Blockers and Angiotensin-Converting Enzyme Inhibitors) in Coronavirus Disease 2019.
PMID	PMID:32866536	7	10	9606	REN,ACE,NR3C2,AGT,ACE2,AGTR1,KNG1	REN,ACE,NR3C2,AGT,ACE2,AGTR1,KNG1	2.8e-20	2.11e-15	(2020) Association of vitamin D with the modulation of the disease severity in COVID-19.
PMID	PMID:25616034	7	10	9606	REN,ACE,ALB,AGT,ACE2,AGTR1,KNG1	REN,ACE,ALB,AGT,ACE2,AGTR1,KNG1	2.8e-20	2.11e-15	(2015) The intrarenal generation of angiotensin II is required for experimental hypertension.
PMID	PMID:24970998	7	10	9606	REN,ACE,ALB,NR3C2,AGT,ACE2,AGTR1	REN,ACE,ALB,NR3C2,AGT,ACE2,AGTR1	2.8e-20	2.11e-15	(2014) Additive effects of cilnidipine, an L-N-type calcium channel blocker, and an angiotensin II receptor blocker on reducing cardiorenal damage in Otsuka Long-Evans Tokushima Fatty rats with type 2 diabetes mellitus.
PMID	PMID:23121914	7	10	9606	REN,ACE,NR3C2,AGT,ACE2,AGTR1,KNG1	REN,ACE,NR3C2,AGT,ACE2,AGTR1,KNG1	2.8e-20	2.11e-15	(2013) The past, present and future of renin-angiotensin aldosterone system inhibition.
PMID	PMID:23056909	7	10	9606	REN,ACE,ALB,AGT,MMEL1,ACE2,KNG1	REN,ACE,ALB,AGT,MMEL1,ACE2,KNG1	2.8e-20	2.11e-15	(2012) Molecular recognition and regulation of human angiotensin-I converting enzyme (ACE) activity by natural inhibitory peptides.
PMID	PMID:21553032	7	10	9606	REN,ACE,ALB,NR3C2,AGT,AGTR2,KNG1	REN,ACE,ALB,NR3C2,AGT,AGTR2,KNG1	2.8e-20	2.11e-15	(2011) Inhibition of renin-angiotensin system (RAS) reduces ventricular tachycardia risk by altering connexin43.
PMID	PMID:22089474	7	10	9606	REN,ACE,AGT,MMEL1,ACE2,AGTR1,KNG1	REN,ACE,AGT,MMEL1,ACE2,AGTR1,KNG1	2.8e-20	2.11e-15	(2011) Attenuation of hypertension-mediated glomerulosclerosis in conjunction with increased angiotensin (1-7).
PMID	PMID:34415457	8	34	9606	REN,ACE,NR3C2,AGT,AGTR2,MMEL1,ACE2,AGTR1	REN,ACE,NR3C2,AGT,AGTR2,MMEL1,ACE2,AGTR1	3.44e-20	2.13e-15	(2021) A Narrative Review of the Renin-Angiotensin-Aldosterone System in the Placenta and Placental Bed of HIV Infected Women of African Ancestry with Preeclampsia.
PMID	PMID:35198608	8	35	9606	REN,ACE,ALB,NR3C2,AGT,MMEL1,ACE2,KNG1	REN,ACE,ALB,NR3C2,AGT,MMEL1,ACE2,KNG1	4.22e-20	2.58e-15	(2021) Cognitive Impairment in Heart Failure: Landscape, Challenges, and Future Directions.
PMID	PMID:35685188	7	11	9606	REN,ACE,AGT,ACE2,AGTR1,BDKRB2,KNG1	REN,ACE,AGT,ACE2,AGTR1,BDKRB2,KNG1	4.58e-20	2.76e-15	(2022) The Race for ACE: Targeting Angiotensin-Converting Enzymes (ACE) in SARS-CoV-2 Infection.
PMID	PMID:35879682	7	11	9606	REN,ACE,AGT,AGTR2,ACE2,AGTR1,KNG1	REN,ACE,AGT,AGTR2,ACE2,AGTR1,KNG1	4.58e-20	2.76e-15	(2022) Impact of renin-angiotensin system inhibitors on the survival of patients with rectal cancer.
PMID	PMID:32392658	7	11	9606	REN,ACE,ALB,NR3C2,AGT,MMEL1,KNG1	REN,ACE,ALB,NR3C2,AGT,MMEL1,KNG1	4.58e-20	2.76e-15	(2020) Angiotensin receptor-neprilysin inhibitor for the treatment of heart failure: a review of recent evidence.
PMID	PMID:28192151	7	11	9606	REN,ACE,AGT,MMEL1,ACE2,AGTR1,KNG1	REN,ACE,AGT,MMEL1,ACE2,AGTR1,KNG1	4.58e-20	2.76e-15	(2017) Angiotensin-(1-7)-dependent vasorelaxation of the renal artery exhibits unique angiotensin and bradykinin receptor selectivity.
PMID	PMID:26895877	7	11	9606	REN,ACE,ALB,NR3C2,AGT,MMEL1,KNG1	REN,ACE,ALB,NR3C2,AGT,MMEL1,KNG1	4.58e-20	2.76e-15	(2016) Nihilism of chronic heart failure therapy in children and why effective therapy is withheld.
PMID	PMID:27079876	7	11	9606	REN,ACE,ALB,AGT,AGTR2,ACE2,KNG1	REN,ACE,ALB,AGT,AGTR2,ACE2,KNG1	4.58e-20	2.76e-15	(2016) Vascular Actions of Angiotensin 1-7 in the Human Microcirculation: Novel Role for Telomerase.
PMID	PMID:25657757	7	11	9606	REN,ACE,AGT,AGTR2,ACE2,AGTR1,KNG1	REN,ACE,AGT,AGTR2,ACE2,AGTR1,KNG1	4.58e-20	2.76e-15	(2014) A systematic review of the role of renin angiotensin aldosterone system genes in diabetes mellitus, diabetic retinopathy and diabetic neuropathy.
PMID	PMID:21688035	7	11	9606	REN,ACE,AGT,AGTR2,AGTR1,BDKRB2,KNG1	REN,ACE,AGT,AGTR2,AGTR1,BDKRB2,KNG1	4.58e-20	2.76e-15	(2012) Individualised therapy of angiotensin converting enzyme (ACE) inhibitors in stable coronary artery disease: overview of the primary results of the PERindopril GENEtic association (PERGENE) study.
PMID	PMID:36295093	8	36	9606	REN,ACE,ALB,AGT,ACE2,AGTR1,BDKRB2,KNG1	REN,ACE,ALB,AGT,ACE2,AGTR1,BDKRB2,KNG1	5.16e-20	2.83e-15	(2022) Coagulation Profile of COVID-19 Patients.
PMID	PMID:32633718	8	36	9606	REN,ACE,AGT,AGTR2,ACE2,AGTR1,BDKRB2,KNG1	REN,ACE,AGT,AGTR2,ACE2,AGTR1,BDKRB2,KNG1	5.16e-20	2.83e-15	(2020) A mechanistic model and therapeutic interventions for COVID-19 involving a RAS-mediated bradykinin storm.
PMID	PMID:33786450	8	37	9606	REN,ACE,ALB,AGT,AGTR2,ACE2,AGTR1,KNG1	REN,ACE,ALB,AGT,AGTR2,ACE2,AGTR1,KNG1	6.27e-20	3.36e-15	(2021) Severe Acute Respiratory Syndrome-Associated Coronavirus 2 Infection and Organ Dysfunction in the ICU: Opportunities for Translational Research.
PMID	PMID:37017918	7	12	9606	REN,ACE,ALB,NR3C2,AGT,ACE2,AGTR1	REN,ACE,ALB,NR3C2,AGT,ACE2,AGTR1	7.24e-20	3.84e-15	(2023) Effects of very low-calorie ketogenic diet on hypothalamic-pituitary-adrenal axis and renin-angiotensin-aldosterone system.
PMID	PMID:35113350	7	12	9606	REN,ACE,ALB,NR3C2,AGT,MMEL1,KNG1	REN,ACE,ALB,NR3C2,AGT,MMEL1,KNG1	7.24e-20	3.84e-15	(2022) Contemporary Drug Treatment of Advanced Heart Failure with Reduced Ejection Fraction.
PMID	PMID:35783862	7	12	9606	REN,ACE,ALB,NR3C2,AGT,ACE2,AGTR1	REN,ACE,ALB,NR3C2,AGT,ACE2,AGTR1	7.24e-20	3.84e-15	(2022) Renin-Angiotensin-System Inhibitors Are Associated With Lower In-hospital Mortality in COVID-19 Patients Aged 80 and Older.
PMID	PMID:34367503	7	12	9606	REN,ACE,NR3C2,MMEL1,ACE2,AGTR1,KNG1	REN,ACE,NR3C2,MMEL1,ACE2,AGTR1,KNG1	7.24e-20	3.84e-15	(2021) Current concept in the diagnosis, treatment and rehabilitation of patients with congestive heart failure.
PMID	PMID:32863157	7	12	9606	REN,ACE,NR3C2,AGT,AGTR2,ACE2,AGTR1	REN,ACE,NR3C2,AGT,AGTR2,ACE2,AGTR1	7.24e-20	3.84e-15	(2020) Renin-angiotensin system blockers and severe acute respiratory syndrome coronavirus 2.
PMID	PMID:30112656	7	12	9606	REN,ACE,ALB,NR3C2,AGT,MMEL1,KNG1	REN,ACE,ALB,NR3C2,AGT,MMEL1,KNG1	7.24e-20	3.84e-15	(2019) Should ACE inhibitors and ARBs be used in combination in children?
PMID	PMID:28281174	7	12	9606	REN,ACE,ALB,NR3C2,AGT,MMEL1,KNG1	REN,ACE,ALB,NR3C2,AGT,MMEL1,KNG1	7.24e-20	3.84e-15	(2017) Potential Expanded Indications for Neprilysin Inhibitors.
PMID	PMID:25801471	7	12	9606	REN,ACE,AGT,MMEL1,ACE2,AGTR1,KNG1	REN,ACE,AGT,MMEL1,ACE2,AGTR1,KNG1	7.24e-20	3.84e-15	(2015) The compensatory renin-angiotensin system in the central regulation of arterial pressure: new avenues and new challenges.
PMID	PMID:23866091	7	12	9606	REN,ACE,ALB,NR3C2,AGT,AGTR2,AGTR1	REN,ACE,ALB,NR3C2,AGT,AGTR2,AGTR1	7.24e-20	3.84e-15	(2013) Dual renin-angiotensin system inhibition for prevention of renal and cardiovascular events: do the latest trials challenge existing evidence?
PMID	PMID:20856803	7	12	9606	REN,ACE,ALB,AGT,AGTR1,BDKRB2,KNG1	REN,ACE,ALB,AGT,AGTR1,BDKRB2,KNG1	7.24e-20	3.84e-15	(2010) Cardiovascular risk associated with interactions among polymorphisms in genes from the renin-angiotensin, bradykinin, and fibrinolytic systems.
RCTM	HSA-2022377	4	18	9606	REN,ACE,AGT,ACE2	REN,ACE,AGT,ACE2	3.82e-10	8.72e-07	Metabolism of Angiotensinogen to Angiotensins
RCTM	HSA-375276	5	194	9606	AGT,AGTR2,AGTR1,BDKRB2,KNG1	AGT,AGTR2,AGTR1,BDKRB2,KNG1	4.39e-08	5.01e-05	Peptide ligand-binding receptors
RCTM	HSA-416476	4	217	9606	AGT,AGTR1,BDKRB2,KNG1	AGT,AGTR1,BDKRB2,KNG1	4.77e-06	0.0018	G alpha (q) signalling events
RCTM	HSA-388396	5	624	9606	AGT,AGTR2,AGTR1,BDKRB2,KNG1	AGT,AGTR2,AGTR1,BDKRB2,KNG1	1.28e-05	0.0042	GPCR downstream signalling
RCTM	HSA-392499	7	1917	9606	REN,ACE,ALB,NR3C2,AGT,ACE2,KNG1	REN,ACE,ALB,NR3C2,AGT,ACE2,KNG1	1.93e-05	0.0054	Metabolism of proteins
RCTM	HSA-418594	4	309	9606	AGT,AGTR2,BDKRB2,KNG1	AGT,AGTR2,BDKRB2,KNG1	1.89e-05	0.0054	G alpha (i) signalling events
WikiPathways	WP554	9	17	9606	REN,ACE,NR3C2,AGT,AGTR2,ACE2,AGTR1,BDKRB2,KNG1	REN,ACE,NR3C2,AGT,AGTR2,ACE2,AGTR1,BDKRB2,KNG1	1.39e-25	1.09e-22	ACE inhibitor pathway
WikiPathways	WP4969	8	28	9606	REN,ACE,AGT,AGTR2,ACE2,AGTR1,BDKRB2,KNG1	REN,ACE,AGT,AGTR2,ACE2,AGTR1,BDKRB2,KNG1	8.82e-21	3.44e-18	RAS and bradykinin pathways in COVID-19
WikiPathways	WP5133	6	8	9606	REN,ACE,AGT,AGTR2,ACE2,AGTR1	REN,ACE,AGT,AGTR2,ACE2,AGTR1	1.7e-17	4.43e-15	Non-classical role of vitamin D
WikiPathways	WP4883	5	7	9606	REN,ACE,AGT,ACE2,AGTR1	REN,ACE,AGT,ACE2,AGTR1	1.47e-14	2.88e-12	SARS-CoV-2 and ACE2 receptor: molecular mechanisms
WikiPathways	WP4799	4	4	9606	ACE,AGTR2,ACE2,AGTR1	ACE,AGTR2,ACE2,AGTR1	3.67e-12	5.73e-10	Downregulation of ACE2 by SARS-CoV-2 spike protein
WikiPathways	WP5038	5	33	9606	REN,ACE,AGTR2,ACE2,AGTR1	REN,ACE,AGTR2,ACE2,AGTR1	9.28e-12	1.21e-09	Mitochondrial immune response to SARS-CoV-2
WikiPathways	WP4756	5	44	9606	REN,ACE,AGT,AGTR2,AGTR1	REN,ACE,AGT,AGTR2,AGTR1	3.52e-11	3.92e-09	Renin-angiotensin-aldosterone system (RAAS)
WikiPathways	WP5183	4	27	9606	REN,ACE,AGT,ACE2	REN,ACE,AGT,ACE2	1.64e-09	1.6e-07	SARS-CoV-2 mitochondrial chronic oxidative stress and endothelial dysfunction
WikiPathways	WP5036	3	28	9606	AGT,ACE2,AGTR1	AGT,ACE2,AGTR1	5.76e-07	5e-05	Angiotensin II receptor type 1 pathway
WikiPathways	WP5076	2	4	9606	ACE2,AGTR1	ACE2,AGTR1	4.24e-06	0.00033	Soluble ACE2-mediated cell entry of SARS-CoV-2
WikiPathways	WP4818	2	5	9606	REN,ACE	REN,ACE	5.94e-06	0.00042	Conversion of angiotensinogen to angiotensin II 
WikiPathways	WP24	3	72	9606	AGTR2,AGTR1,BDKRB2	AGTR2,AGTR1,BDKRB2	8.54e-06	0.00056	Peptide GPCRs
WikiPathways	WP5089	2	7	9606	BDKRB2,KNG1	BDKRB2,KNG1	1.02e-05	0.00061	Kinin-Kallikrein pathway
WikiPathways	WP4891	2	15	9606	AGT,ACE2	AGT,ACE2	3.83e-05	0.0021	COVID-19 adverse outcome pathway
WikiPathways	WP5115	3	218	9606	ALB,AGT,ACE2	ALB,AGT,ACE2	0.00021	0.0112	Network map of SARS-CoV-2 signaling pathway
WikiPathways	WP455	3	256	9606	AGTR2,AGTR1,BDKRB2	AGTR2,AGTR1,BDKRB2	0.00034	0.0167	GPCRs, class A rhodopsin-like
WikiPathways	WP4538	2	77	9606	AGTR2,AGTR1	AGTR2,AGTR1	0.00085	0.0392	Regulatory circuits of the STAT3 signaling pathway
HPO	HP:0002615	6	96	9606	REN,ACE,ALB,NR3C2,AGT,AGTR1	REN,ACE,ALB,NR3C2,AGT,AGTR1	7.49e-12	4.48e-08	Hypotension
HPO	HP:0008660	4	4	9606	REN,ACE,AGT,AGTR1	REN,ACE,AGT,AGTR1	3.67e-12	4.48e-08	Renotubular dysgenesis
HPO	HP:0100519	4	4	9606	REN,ACE,AGT,AGTR1	REN,ACE,AGT,AGTR1	3.67e-12	4.48e-08	Anuria
HPO	HP:0002009	4	9	9606	REN,ACE,AGT,AGTR1	REN,ACE,AGT,AGTR1	3.74e-11	9.14e-08	Potter facies
HPO	HP:0004492	4	17	9606	REN,ACE,AGT,AGTR1	REN,ACE,AGT,AGTR1	3.13e-10	5.45e-07	Widely patent fontanelles and sutures
HPO	HP:0001562	5	139	9606	REN,ACE,ALB,AGT,AGTR1	REN,ACE,ALB,AGT,AGTR1	8.66e-09	1.15e-05	Oligohydramnios
HPO	HP:0011036	4	46	9606	REN,ACE,AGT,AGTR1	REN,ACE,AGT,AGTR1	1.19e-08	1.32e-05	Abnormality of renal excretion
HPO	HP:0002089	4	108	9606	REN,ACE,AGT,AGTR1	REN,ACE,AGT,AGTR1	3.16e-07	0.00028	Pulmonary hypoplasia
HPO	HP:0006703	4	133	9606	REN,ACE,AGT,AGTR1	REN,ACE,AGT,AGTR1	7.1e-07	0.00057	Aplasia/Hypoplasia of the lungs
HPO	HP:0011025	7	1169	9606	REN,ACE,ALB,NR3C2,AGT,AGTR1,KNG1	REN,ACE,ALB,NR3C2,AGT,AGTR1,KNG1	7.06e-07	0.00057	Abnormal cardiovascular system physiology
HPO	HP:0001197	6	786	9606	REN,ACE,ALB,NR3C2,AGT,AGTR1	REN,ACE,ALB,NR3C2,AGT,AGTR1	1.61e-06	0.001	Abnormality of prenatal development or birth
HPO	HP:0002088	5	893	9606	REN,ACE,ALB,AGT,AGTR1	REN,ACE,ALB,AGT,AGTR1	7.13e-05	0.0348	Abnormal lung morphology
HPO	HP:0011277	5	933	9606	REN,ACE,NR3C2,AGT,AGTR1	REN,ACE,NR3C2,AGT,AGTR1	8.77e-05	0.0412	Abnormality of the urinary system physiology
HPO	HP:0000079	6	1657	9606	REN,ACE,NR3C2,AGT,AGTR2,AGTR1	REN,ACE,NR3C2,AGT,AGTR2,AGTR1	0.00011	0.0496	Abnormality of the urinary system
NetworkNeighborAL	CL:23923	7	17	9606	REN,ACE,AGT,AGTR2,AGTR1,BDKRB2,KNG1	REN,ACE,AGT,AGTR2,AGTR1,BDKRB2,KNG1	4.97e-19	2.27e-15	ACE inhibitor pathway, and Vein smooth muscle contraction
NetworkNeighborAL	CL:23926	6	7	9606	ACE,AGT,AGTR2,AGTR1,BDKRB2,KNG1	ACE,AGT,AGTR2,AGTR1,BDKRB2,KNG1	9.73e-18	2.23e-14	ACE inhibitor pathway
